Model,Accuracy,Precision,Recall,F1
KNN,88.0,89.28571428571429,73.52941176470588,80.64516129032259
SVM,85.0,85.18518518518519,67.64705882352942,75.40983606557377
Logistic Regression,86.0,88.46153846153845,67.64705882352942,76.66666666666666
Decision Tree,89.0,87.09677419354838,79.41176470588235,83.07692307692308
XGBoost,88.0,84.375,79.41176470588235,81.81818181818183
LightGBM,91.0,90.32258064516128,82.35294117647058,86.15384615384616
ANN,90.0,87.5,82.35294117647058,84.84848484848484
Random Forest,91.0,96.29629629629629,76.47058823529412,85.24590163934425
Voting Classifier,91.0,85.71428571428571,88.23529411764706,86.95652173913044
