Model,Accuracy,Precision,Recall,F1
KNN,86.91588785046729,92.5,77.08333333333334,84.09090909090911
SVM,84.11214953271028,89.74358974358975,72.91666666666666,80.45977011494253
Logistic Regression,82.2429906542056,91.42857142857143,66.66666666666666,77.10843373493975
Decision Tree,90.65420560747664,89.58333333333334,89.58333333333334,89.58333333333334
XGBoost,90.65420560747664,86.53846153846155,93.75,90.0
LightGBM,91.58878504672897,89.79591836734694,91.66666666666666,90.72164948453607
ANN,90.65420560747664,88.0,91.66666666666666,89.79591836734694
Random Forest,92.5233644859813,93.47826086956522,89.58333333333334,91.48936170212765
Voting Classifier,90.65420560747664,89.58333333333334,89.58333333333334,89.58333333333334
