No,Mangosteen Weight (g),Roundness,Upper Petal,Lower Petal,Max Frequency (Hz),Max Magnitude,Sweetness (%Brix),Class
29,55.42,0.9474273504273504,4,5,160.22,86.69,21.125,1
13,88.23,0.935,4,6,123.51,70.42,21.375,1
41,76.89,0.928,4,6,130.27632653061224,34.21,20.75,1
