,index,no,y_true,KNN,SVM,LR,DT,XGBoost,LightGBM,NN,RandomForest,Voting,Prediction Rate
2,10.0,29.0,1.0,1.0,1.0,1.0,0.0,0.0,0.0,1.0,0.0,0.0,0.4444444444444444
34,25.0,13.0,1.0,1.0,0.0,0.0,0.0,1.0,1.0,0.0,1.0,0.0,0.4444444444444444
40,17.0,41.0,1.0,0.0,0.0,0.0,0.0,1.0,1.0,0.0,0.0,0.0,0.2222222222222222
