Model,Accuracy,Precision,Recall,F1
KNN,67.0,74.07407407407408,67.79661016949152,70.79646017699113
SVM,66.0,65.4320987654321,89.83050847457628,75.71428571428572
Logistic Regression,62.0,65.21739130434783,76.27118644067797,70.3125
Decision Tree,72.0,86.04651162790698,62.71186440677966,72.54901960784315
XGBoost,70.0,79.59183673469387,66.10169491525424,72.22222222222221
LightGBM,65.0,70.6896551724138,69.49152542372882,70.08547008547009
ANN,71.0,84.0909090909091,62.71186440677966,71.84466019417475
Random Forest,74.0,90.2439024390244,62.71186440677966,74.0
Voting Classifier,67.0,75.0,66.10169491525424,70.27027027027027
