Model,Accuracy,Precision,Recall,F1
KNN,90.0,94.28571428571428,80.48780487804879,86.8421052631579
SVM,91.0,97.05882352941177,80.48780487804879,88.00000000000001
Logistic Regression,91.0,92.10526315789474,85.36585365853658,88.60759493670886
Decision Tree,92.0,92.3076923076923,87.8048780487805,90.0
XGBoost,95.0,97.36842105263158,90.2439024390244,93.67088607594938
LightGBM,92.0,92.3076923076923,87.8048780487805,90.0
ANN,91.0,92.10526315789474,85.36585365853658,88.60759493670886
Random Forest,97.0,97.5,95.1219512195122,96.29629629629629
Voting Classifier,96.0,97.43589743589743,92.6829268292683,95.0
