Model,Accuracy,Precision,Recall,F1
KNN,79.43925233644859,86.20689655172413,58.139534883720934,69.44444444444446
SVM,79.43925233644859,83.87096774193549,60.46511627906976,70.27027027027026
Logistic Regression,78.50467289719626,76.31578947368422,67.44186046511628,71.60493827160495
Decision Tree,83.17757009345794,80.48780487804879,76.74418604651163,78.57142857142858
XGBoost,85.04672897196261,81.3953488372093,81.3953488372093,81.39534883720931
LightGBM,83.17757009345794,77.77777777777779,81.3953488372093,79.54545454545455
ANN,81.30841121495327,76.74418604651163,76.74418604651163,76.74418604651162
Random Forest,85.04672897196261,81.3953488372093,81.3953488372093,81.39534883720931
Voting Classifier,84.11214953271028,82.5,76.74418604651163,79.51807228915662
