Model,Accuracy,Precision,Recall,F1
KNN,84.11214953271028,81.81818181818183,71.05263157894737,76.05633802816901
SVM,82.2429906542056,82.75862068965517,63.1578947368421,71.6417910447761
Logistic Regression,80.37383177570094,81.48148148148148,57.89473684210527,67.69230769230768
Decision Tree,82.2429906542056,75.67567567567568,73.68421052631578,74.66666666666667
XGBoost,86.91588785046729,80.0,84.21052631578947,82.05128205128204
LightGBM,82.2429906542056,72.09302325581395,81.57894736842105,76.54320987654319
ANN,82.2429906542056,80.64516129032258,65.78947368421053,72.46376811594202
Random Forest,89.7196261682243,88.57142857142857,81.57894736842105,84.93150684931506
Voting Classifier,86.91588785046729,83.33333333333334,78.94736842105263,81.08108108108108
