Model,Accuracy,Precision,Recall,F1
KNN,83.17757009345794,89.65517241379311,63.41463414634146,74.28571428571429
SVM,79.43925233644859,78.78787878787878,63.41463414634146,70.27027027027027
Logistic Regression,79.43925233644859,80.64516129032258,60.97560975609756,69.44444444444446
Decision Tree,85.04672897196261,82.05128205128204,78.04878048780488,80.0
XGBoost,90.65420560747664,87.8048780487805,87.8048780487805,87.8048780487805
LightGBM,86.91588785046729,78.72340425531915,90.2439024390244,84.0909090909091
ANN,84.11214953271028,83.33333333333334,73.17073170731707,77.92207792207793
Random Forest,89.7196261682243,85.71428571428571,87.8048780487805,86.74698795180721
Voting Classifier,85.04672897196261,82.05128205128204,78.04878048780488,80.0
