Model,Accuracy,Precision,Recall,F1
KNN,89.0,85.18518518518519,76.66666666666667,80.7017543859649
SVM,86.0,80.76923076923077,70.0,75.0
Logistic Regression,85.0,82.6086956521739,63.33333333333333,71.69811320754717
Decision Tree,84.0,100.0,46.666666666666664,63.63636363636363
XGBoost,87.0,81.48148148148148,73.33333333333333,77.19298245614034
LightGBM,88.0,84.61538461538461,73.33333333333333,78.57142857142856
ANN,91.0,83.87096774193549,86.66666666666667,85.24590163934425
Random Forest,90.0,88.46153846153845,76.66666666666667,82.14285714285715
Voting Classifier,89.0,88.0,73.33333333333333,80.0
