Model,Accuracy,Precision,Recall,F1
KNN,76.63551401869158,84.31372549019608,71.66666666666667,77.47747747747748
SVM,77.57009345794393,79.03225806451613,81.66666666666667,80.32786885245902
Logistic Regression,71.96261682242991,75.86206896551724,73.33333333333333,74.57627118644068
Decision Tree,85.04672897196261,90.74074074074075,81.66666666666667,85.96491228070175
XGBoost,86.91588785046729,88.33333333333333,88.33333333333333,88.33333333333333
LightGBM,84.11214953271028,86.4406779661017,85.0,85.71428571428572
ANN,75.70093457943925,77.41935483870968,80.0,78.68852459016394
Random Forest,87.85046728971963,91.22807017543859,86.66666666666667,88.88888888888889
Voting Classifier,84.11214953271028,86.4406779661017,85.0,85.71428571428572
