Model,Accuracy,Precision,Recall,F1
KNN,90.0,92.5925925925926,75.75757575757575,83.33333333333334
SVM,86.0,88.0,66.66666666666666,75.86206896551725
Logistic Regression,86.0,88.0,66.66666666666666,75.86206896551725
Decision Tree,92.0,90.32258064516128,84.84848484848484,87.5
XGBoost,89.0,86.66666666666667,78.78787878787878,82.53968253968253
LightGBM,90.0,87.09677419354838,81.81818181818183,84.375
ANN,89.0,86.66666666666667,78.78787878787878,82.53968253968253
Random Forest,90.0,92.5925925925926,75.75757575757575,83.33333333333334
Voting Classifier,92.0,90.32258064516128,84.84848484848484,87.5
