Model,Accuracy,Precision,Recall,F1
KNN,68.0,77.55102040816327,64.40677966101694,70.37037037037037
SVM,66.0,74.50980392156863,64.40677966101694,69.09090909090908
Logistic Regression,62.0,65.21739130434783,76.27118644067797,70.3125
Decision Tree,72.0,86.04651162790698,62.71186440677966,72.54901960784315
XGBoost,70.0,79.59183673469387,66.10169491525424,72.22222222222221
LightGBM,65.0,70.6896551724138,69.49152542372882,70.08547008547009
ANN,71.0,84.0909090909091,62.71186440677966,71.84466019417475
Random Forest,74.0,90.2439024390244,62.71186440677966,74.0
Voting Classifier,65.0,73.07692307692307,64.40677966101694,68.46846846846847
