Model,Accuracy,Precision,Recall,F1
KNN,79.0,88.57142857142857,64.58333333333334,74.69879518072288
SVM,84.0,97.05882352941177,68.75,80.48780487804878
Logistic Regression,82.0,85.71428571428571,75.0,80.0
Decision Tree,82.0,91.66666666666666,68.75,78.57142857142857
XGBoost,88.0,92.85714285714286,81.25,86.66666666666666
LightGBM,83.0,86.04651162790698,77.08333333333334,81.31868131868131
ANN,86.0,92.5,77.08333333333334,84.09090909090911
Random Forest,87.0,94.87179487179486,77.08333333333334,85.0574712643678
Voting Classifier,88.0,95.0,79.16666666666666,86.36363636363636
